CREATE DATABASE DBPROJECT character set UTF8MB3 collate utf8_unicode_ci;
USE DBPROJECT;

SET SQL_MODE = "NO_AUTO_VALUE_ON_ZERO";
SET AUTOCOMMIT = 0;
START TRANSACTION;
SET time_zone = "+00:00";


-- CREATE DINH CHINH TABLE 
CREATE TABLE `chung_minh_thu` (
  `ID` int(11) NOT NULL,
  `idNhanKhau` int(11) DEFAULT NULL,
  `soCMT` varchar(12) COLLATE utf8_unicode_ci NOT NULL,
  `ngayCap` date DEFAULT NULL,
  `noiCap` varchar(100) COLLATE utf8_unicode_ci DEFAULT NULL
) ENGINE=InnoDB DEFAULT CHARSET=utf8 COLLATE=utf8_unicode_ci;


-- CREATE DINH CHINH TABLE 
CREATE TABLE `dinh_chinh` (
  `ID` int(11) NOT NULL,
  `idHoKhau` int(11) DEFAULT NULL,
  `thongTinThayDoi` varchar(100) COLLATE utf8_unicode_ci DEFAULT NULL,
  `thayDoiTu` varchar(100) COLLATE utf8_unicode_ci DEFAULT NULL,
  `thayDoiThanh` varchar(100) COLLATE utf8_unicode_ci DEFAULT NULL,
  `ngayThayDoi` date DEFAULT NULL,
  `nguoiThayDoi` int(11) DEFAULT NULL
) ENGINE=InnoDB DEFAULT CHARSET=utf8 COLLATE=utf8_unicode_ci;

-- CREATE GIA DINH TABLE 

CREATE TABLE `gia_dinh` (
  `ID` int(11) NOT NULL,
  `idNhanKhau` int(11) DEFAULT NULL,
  `hoTen` varchar(100) COLLATE utf8_unicode_ci DEFAULT NULL,
  `namSinh` date DEFAULT NULL,
  `gioiTinh` varchar(100) COLLATE utf8_unicode_ci DEFAULT NULL,
  `quanHeVoiNhanKhau` varchar(100) COLLATE utf8_unicode_ci DEFAULT NULL,
  `ngheNghiep` varchar(100) COLLATE utf8_unicode_ci DEFAULT NULL,
  `diaChiHienTai` varchar(100) COLLATE utf8_unicode_ci DEFAULT NULL
) ENGINE=InnoDB DEFAULT CHARSET=utf8 COLLATE=utf8_unicode_ci;

-- CREATE HO KHAU TABLE 
CREATE TABLE `ho_khau` (
  `ID` int(11) NOT NULL,
  `maHoKhau` varchar(100) COLLATE utf8_unicode_ci DEFAULT NULL,
  `idChuHo` int(11) DEFAULT NULL,
  `maKhuVuc` varchar(100) COLLATE utf8_unicode_ci DEFAULT NULL,
  `diaChi` varchar(100) COLLATE utf8_unicode_ci DEFAULT NULL,
  `ngayLap` date DEFAULT NULL,
  `ngayChuyenDi` date DEFAULT NULL,
  `lyDoChuyen` text COLLATE utf8_unicode_ci DEFAULT NULL,
  `nguoiThucHien` int(11) DEFAULT NULL
) ENGINE=InnoDB DEFAULT CHARSET=utf8 COLLATE=utf8_unicode_ci;

-- CREATE KHAI TU  TABLE 
CREATE TABLE `khai_tu` (
  `ID` int(11) NOT NULL,
  `idNguoiKhai` int(11) DEFAULT NULL,
  `idNguoiChet` int(11) DEFAULT NULL,
  `ngayKhai` date DEFAULT NULL,
  `ngayChet` date DEFAULT NULL,
  `lyDoChet` varchar(100) COLLATE utf8_unicode_ci DEFAULT NULL
) ENGINE=InnoDB DEFAULT CHARSET=utf8 COLLATE=utf8_unicode_ci;


-- CREATE NHAN KHAU TABLE 
CREATE TABLE `nhan_khau` (
  `ID` int(11) NOT NULL,
  `maNhanKhau` varchar(100) COLLATE utf8_unicode_ci DEFAULT NULL,
  `hoTen` varchar(100) COLLATE utf8_unicode_ci DEFAULT NULL,
  `bietDanh` varchar(100) COLLATE utf8_unicode_ci DEFAULT NULL,
  `namSinh` date DEFAULT NULL,
  `gioiTinh` varchar(100) COLLATE utf8_unicode_ci DEFAULT NULL,
  `noiSinh` varchar(100) COLLATE utf8_unicode_ci DEFAULT NULL,
  `nguyenQuan` varchar(100) COLLATE utf8_unicode_ci DEFAULT NULL,
  `danToc` varchar(100) COLLATE utf8_unicode_ci DEFAULT NULL,
  `tonGiao` varchar(100) COLLATE utf8_unicode_ci DEFAULT NULL,
  `quocTich` varchar(100) COLLATE utf8_unicode_ci DEFAULT NULL,
  `soHoChieu` varchar(100) COLLATE utf8_unicode_ci DEFAULT NULL,
  `noiThuongTru` varchar(100) COLLATE utf8_unicode_ci DEFAULT NULL,
  `diaChiHienNay` varchar(100) COLLATE utf8_unicode_ci DEFAULT NULL,
  `trinhDoHocVan` varchar(100) COLLATE utf8_unicode_ci DEFAULT NULL,
  `TrinhDoChuyenMon` varchar(100) COLLATE utf8_unicode_ci DEFAULT NULL,
  `bietTiengDanToc` varchar(100) COLLATE utf8_unicode_ci DEFAULT NULL,
  `trinhDoNgoaiNgu` varchar(100) COLLATE utf8_unicode_ci DEFAULT NULL,
  `ngheNghiep` varchar(100) COLLATE utf8_unicode_ci DEFAULT NULL,
  `noiLamViec` varchar(100) COLLATE utf8_unicode_ci DEFAULT NULL,
  `tienAn` varchar(100) COLLATE utf8_unicode_ci DEFAULT NULL,
  `ngayChuyenDen` date DEFAULT NULL,
  `lyDoChuyenDen` varchar(100) COLLATE utf8_unicode_ci DEFAULT NULL,
  `ngayChuyenDi` date DEFAULT NULL,
  `lyDoChuyenDi` varchar(100) COLLATE utf8_unicode_ci DEFAULT NULL,
  `diaChiMoi` varchar(100) COLLATE utf8_unicode_ci DEFAULT NULL,
  `ngayTao` date DEFAULT NULL,
  `idNguoiTao` int(11) DEFAULT NULL,
  `ngayXoa` date DEFAULT NULL,
  `idNguoiXoa` int(11) DEFAULT NULL,
  `lyDoXoa` varchar(100) COLLATE utf8_unicode_ci DEFAULT NULL,
  `ghiChu` varchar(100) COLLATE utf8_unicode_ci DEFAULT NULL
) ENGINE=InnoDB DEFAULT CHARSET=utf8 COLLATE=utf8_unicode_ci;

-- CREATE TAM TRU TABLE 
CREATE TABLE `tam_tru` (
  `ID` int(11) NOT NULL,
  `idNhanKhau` int(11) DEFAULT NULL,
  `maGiayTamtru` varchar(100) COLLATE utf8_unicode_ci DEFAULT NULL,
  `soDienThoaiNguoiDangKy` varchar(100) COLLATE utf8_unicode_ci DEFAULT NULL,
  `tuNgay` date NOT NULL,
  `denNgay` date NOT NULL,
  `lyDo` text COLLATE utf8_unicode_ci NOT NULL
) ENGINE=InnoDB DEFAULT CHARSET=utf8 COLLATE=utf8_unicode_ci;

-- CREATE TAM VANG TABLE 
CREATE TABLE `tam_vang` (
  `ID` int(11) NOT NULL,
  `idNhanKhau` int(11) DEFAULT NULL,
  `maGiayTamVang` varchar(100) COLLATE utf8_unicode_ci DEFAULT NULL,
  `noiTamtru` varchar(100) COLLATE utf8_unicode_ci DEFAULT NULL,
  `tuNgay` date DEFAULT NULL,
  `denNgay` date DEFAULT NULL,
  `lyDo` varchar(100) COLLATE utf8_unicode_ci DEFAULT NULL
) ENGINE=InnoDB DEFAULT CHARSET=utf8 COLLATE=utf8_unicode_ci;

-- CREATE THANH VIEN CUA HO TABLE 
CREATE TABLE `thanh_vien_cua_ho` (
  `idNhanKhau` int(11) NOT NULL,
  `idHoKhau` int(11) NOT NULL,
  `quanHeVoiChuHo` varchar(100) COLLATE utf8_unicode_ci DEFAULT NULL
) ENGINE=InnoDB DEFAULT CHARSET=utf8 COLLATE=utf8_unicode_ci;

-- CREATE TIEU SU TABLE 
CREATE TABLE `tieu_su` (
  `ID` int(11) NOT NULL,
  `idNhanKhau` int(11) DEFAULT NULL,
  `tuNgay` date DEFAULT NULL,
  `denNgay` date DEFAULT NULL,
  `diaChi` varchar(100) COLLATE utf8_unicode_ci DEFAULT NULL,
  `ngheNghiep` varchar(100) COLLATE utf8_unicode_ci DEFAULT NULL,
  `noiLamViec` varchar(100) COLLATE utf8_unicode_ci DEFAULT NULL
) ENGINE=InnoDB DEFAULT CHARSET=utf8 COLLATE=utf8_unicode_ci;


CREATE TABLE `thu_ky` (
  `ID` int(11) NOT NULL,
  `thu_ky_Name` varchar(100) COLLATE utf8_unicode_ci DEFAULT NULL,
  `passwd` varchar(100) COLLATE utf8_unicode_ci DEFAULT NULL
) ENGINE=InnoDB DEFAULT CHARSET=utf8 COLLATE=utf8_unicode_ci;

-- CREATE TABLE THAY DOI NHAN KHAU
CREATE TABLE `thay_doi_nhan_khau` (
  `ID` int(11) NOT NULL,
  `idNhanKhau` int(11) DEFAULT NULL,
  `hoTen` varchar(100) COLLATE utf8_unicode_ci DEFAULT NULL,
  `bietDanh` varchar(100) COLLATE utf8_unicode_ci DEFAULT NULL,
  `namSinh` date DEFAULT NULL,
  `gioiTinh` varchar(100) COLLATE utf8_unicode_ci DEFAULT NULL,
  `noiSinh` varchar(100) COLLATE utf8_unicode_ci DEFAULT NULL,
  `nguyenQuan` varchar(100) COLLATE utf8_unicode_ci DEFAULT NULL,
  `danToc` varchar(100) COLLATE utf8_unicode_ci DEFAULT NULL,
  `tonGiao` varchar(100) COLLATE utf8_unicode_ci DEFAULT NULL,
  `quocTich` varchar(100) COLLATE utf8_unicode_ci DEFAULT NULL,
  `soHoChieu` varchar(100) COLLATE utf8_unicode_ci DEFAULT NULL,
  `noiThuongTru` varchar(100) COLLATE utf8_unicode_ci DEFAULT NULL,
  `diaChiHienNay` varchar(100) COLLATE utf8_unicode_ci DEFAULT NULL,
  `soDienThoai` varchar(100) COLLATE utf8_unicode_ci DEFAULT NULL,
  `tenChuHo` varchar(100) COLLATE utf8_unicode_ci DEFAULT NULL,
  `quanHeVoiChuHo` varchar(100) COLLATE utf8_unicode_ci DEFAULT NULL,
  `noiDungThayDoi` varchar(100) COLLATE utf8_unicode_ci DEFAULT NULL,
  `ngayThayDoi` date DEFAULT NULL
) ENGINE=InnoDB DEFAULT CHARSET=utf8 COLLATE=utf8_unicode_ci;

-- CREATE USER TABLE
CREATE TABLE USERTAB(
`soCMT` varchar(12) COLLATE utf8_unicode_ci NOT NULL,
USERUSERNAME VARCHAR(100) NOT NULL, 
USERPASSWORD VARCHAR(100) NOT NULL, 
FULLNAME VARCHAR(100)NOT NULL,
ADDRESS VARCHAR(1000) NOT NULL, 
SIGNUPDATE DATETIME NOT NULL, 
JOB VARCHAR(100) NOT NULL,
BIRTHDAY DATE NOT NULL,
PHONENUMBER VARCHAR(11) NOT NULL, 
CONSTRAINT PK_USER1 PRIMARY KEY(USERUSERNAME));


-- CREAT TABLE ROOM
CREATE TABLE ROOM(ROOMNAME VARCHAR(100) NOT NULL,
FLOOR INT NOT NULL,
ROOMUSAGE VARCHAR(1000) NOT NULL,
CONSTRAINT PK_ROOM PRIMARY KEY(ROOMNAME));

-- CRATE REQUEST TABLE

CREATE TABLE REQUEST(REQUESTID INT NOT NULL,
STARTTIMEREQUEST DATETIME NOT NULL,
FINISHTIMEREQUEST DATETIME NOT NULL,
REQUESTDESCRIPTIONS VARCHAR(1000),
USERUSERNAME VARCHAR(100) NOT NULL,
REQUESTROOM VARCHAR(100),
CONSTRAINT PK_REQUEST PRIMARY KEY(REQUESTID),
CONSTRAINT FK_USER_REQUEST FOREIGN KEY(USERUSERNAME) REFERENCES USERTAB(USERUSERNAME));
ALTER TABLE REQUEST ADD CONSTRAINT FK_REQUEST_ROOM FOREIGN KEY(REQUESTROOM) REFERENCES ROOM(ROOMNAME);


-- CREATE TABLE REQUESTWANTROOM

CREATE TABLE REQUESTWANTROOM(REQUESTID INT NOT NULL,
ROOMNAME VARCHAR(100) NOT NULL,
CONSTRAINT PK_REQUESTWANTROOM PRIMARY KEY(REQUESTID, ROOMNAME),
CONSTRAINT FK_REQUESTWANTROOM_REQUEST FOREIGN KEY(REQUESTID) REFERENCES REQUEST(REQUESTID),
CONSTRAINT FK_REQUESTWANTROOM_ROOM FOREIGN KEY(ROOMNAME) REFERENCES ROOM(ROOMNAME));

-- -- CREATE INFRASTRUCTURE TABLE
CREATE TABLE INFRASTRUCTURE(ITEMID INT AUTO_INCREMENT NOT NULL ,
ITEMNAME VARCHAR(200) NOT NULL,
AMOUNT INT NOT NULL,
LASTTIMEUPDATE DATE NOT NULL,
ITEMDESCRIPTION VARCHAR(1000) NOT NULL,
ROOMNAME VARCHAR(100) NOT NULL,
CONSTRAINT PK_INFRASTRUCTURE PRIMARY KEY(ITEMID),
CONSTRAINT FK_INFRASTRUCTURE_ROOM FOREIGN KEY(ROOMNAME) REFERENCES ROOM(ROOMNAME));



-- CREATE MANAGER TABLE
CREATE TABLE MANAGER(
MNGUSERNAME VARCHAR(100) NOT NULL,
MNGPASSWORD VARCHAR(100) NOT NULL,
FULLNAME VARCHAR(200) NOT NULL,
ADDRESS VARCHAR(1000) NOT NULL,
BIRTHDAY DATE NOT NULL,
SIGNUPDAY DATETIME NOT NULL,
PHONENUMBER VARCHAR(100) NOT NULL,
CONSTRAINT PK_MANAGER PRIMARY KEY(MNGUSERNAME));



-- CREATE APPROVE TABLE
CREATE TABLE APPROVE(MNGUSERNAME VARCHAR(100) NOT NULL,
REQUESTID INT NOT NULL,
STATE VARCHAR(10) NOT NULL,
NOTE VARCHAR(10),
FEE INT NOT NULL,
CONSTRAINT PK_APPROVE PRIMARY KEY(MNGUSERNAME, REQUESTID),
CONSTRAINT FK_APPROVE_MANAGER FOREIGN KEY(MNGUSERNAME) REFERENCES MANAGER(MNGUSERNAME),
CONSTRAINT FK_APPROVE_REQUEST FOREIGN KEY(REQUESTID) REFERENCES REQUEST(REQUESTID));
ALTER TABLE APPROVE MODIFY COLUMN NOTE VARCHAR(1000);

-- CREATE EVENT TABLE
CREATE TABLE EVENTTABLE(
EVENTID INT NOT NULL,
EVENTNAME VARCHAR(200) NOT NULL,
STARTTIME DATETIME NOT NULL,
FINISHTIME DATETIME NOT NULL,
ROOMNAME VARCHAR(100) NOT NULL,
EVENTDESCRIPTION VARCHAR(1000) NOT NULL,
FEE INT NOT NULL,
CONSTRAINT PK_EVENT PRIMARY KEY(EVENTID),
CONSTRAINT FK_EVENT_ROOM FOREIGN KEY(ROOMNAME) REFERENCES ROOM(ROOMNAME));

INSERT INTO `thu_ky` (`ID`, `thu_ky_Name`, `passwd`) VALUES
(1, 'thuKy', '1');


INSERT INTO `chung_minh_thu` (`ID`, `idNhanKhau`, `soCMT`, `ngayCap`, `noiCap`) VALUES
(13, 26, '000000000001', NULL, NULL),
(14, 27, '000000000002', NULL, NULL),
(15, 28, '000000000003', NULL, NULL),
(16, 29, '000000000004', NULL, NULL),
(17, 30, '000000000005', NULL, NULL),
(18, 31, '000000000006', NULL, NULL),
(19, 32, '000000000007', NULL, NULL),
(20, 33, '000000000008', NULL, NULL),
(21, 34, '000000000009', NULL, NULL),
(22, 35, '100000000001', NULL, NULL),
(23, 36, '100000000002', NULL, NULL),
(24, 37, '000000000010', NULL, NULL),
(25, 38, '000000000011', NULL, NULL);
(13, 39, '000000000012', NULL, NULL),
(14, 40, '000000000013', NULL, NULL),
(15, 41, '000000000014', NULL, NULL),
(16, 42, '000000000015', NULL, NULL),
(17, 43, '000000000016', NULL, NULL),
(18, 44, '000000000017', NULL, NULL),
(19, 45, '000000000018', NULL, NULL),
(20, 46, '000000000019', NULL, NULL),
(21, 47, '000000000020', NULL, NULL),
(22, 48, '000000000021', NULL, NULL);

-- INSERT INTO GIA DINH TABLE 
INSERT INTO `gia_dinh` (`ID`, `idNhanKhau`, `hoTen`, `namSinh`, `gioiTinh`, `quanHeVoiNhanKhau`, `ngheNghiep`, `diaChiHienTai`) VALUES
(2, 27, 'Nguyễn Minh Quân', '1995-05-31', 'Nam', 'Chồng', 'Kỹ sư', 'Số 2 Tạ Quang Bửu, Hai Bà Trưng, Hà Nội'),
(3, 28, 'Trần Thanh Duyên', '1997-12-23', 'Nữ', 'Vợ', 'Nhân viên văn phòng', 'Số 2 Tạ Quang Bửu, quận Hai Bà Trưng, Hà Nội'),
(4, 29, 'Vũ Mỹ Linh', '1965-12-06', 'Nữ', 'Vợ', 'Nội trợ', 'Số 3 Tạ Quang Bửu, quận Hai Bà Trưng, Hà Nội'),
(5, 29, 'Nguyễn Tiến Đạt', '1990-09-09', 'Nam', 'Con trai', 'Kỹ sư điện', 'Số 3 Tạ Quang Bửu, quận Hai Bà Trưng, Hà Nội'),
(6, 29, 'Nguyễn Trà My', '1997-12-12', 'Nữ', 'Con gái', 'Luật sư', 'Số 3 Tạ Quang Bửu, quận Hai Bà Trưng, Hà Nội'),
(7, 30, 'Nguyễn Tiến Dũng', '1964-06-03', 'Nam', 'Chồng', 'Phó giám đốc', 'Số 3 Tạ Quang Bửu, quận Hai Bà Trưng, Hà Nội'),
(8, 30, 'Nguyễn Tiến Đạt', '1990-09-09', 'Nam', 'Con trai', 'Kỹ sư điện', 'Số 3 Tạ Quang Bửu, quận Hai Bà Trưng, Hà Nội'),
(9, 30, 'Nguyễn Trà My', '1997-12-12', 'Nữ', 'Con Gái', 'Luật sư', ''),
(10, 31, 'Nguyễn Tiến Dũng', '1964-06-03', 'Nam', 'Bố', 'Phó giám đốc', 'Số 3 Tạ Quang Bửu, quận Hai Bà Trưng, Hà Nội'),
(11, 31, 'Vũ Mỹ Linh', '1965-12-06', 'Nữ', 'Mẹ', 'Nội trợ', 'Số 3 Tạ Quang Bửu, quận Hai Bà Trưng, Hà Nội'),
(12, 31, 'Nguyễn Trà My', '1997-12-12', 'Nữ', 'Em gái', 'Luật sư', 'Số 3 Tạ Quang Bửu, quận Hai Bà Trưng, Hà Nội'),
(13, 32, 'Nguyễn Tiến Dũng', '1964-06-03', 'Nam', 'Bố', 'Phó giám đốc', 'Số 3 Tạ Quang Bửu, quận Hai Bà Trưng, Hà Nội'),
(14, 32, 'Vũ Mỹ Linh', '1965-12-06', 'Nữ', 'Mẹ', 'Nội trợ', 'Số 3 Tạ Quang Bửu, quận Hai Bà Trưng, Hà Nội'),
(15, 32, 'Nguyễn Tiến Đạt', '1990-09-09', 'Nam', 'Anh trai', 'Kỹ sư điện', 'Số 3 Tạ Quang Bửu, quận Hai Bà Trưng, Hà Nội'),
(16, 33, 'Nguyễn Minh Tuyết', '1985-09-02', 'Nữ', 'Vợ', 'Bác sĩ', 'Số 4 Tạ Quang Bửu, quận Hai Bà Trưng, Hà Nội'),
(17, 33, 'Trần Trung Kiên', '2008-12-25', 'Nam', 'Con trai', 'Học sinh', 'Số 4 Tạ Quang Bửu, quận Hai Bà Trưng, Hà Nội'),
(18, 33, 'Trần Thúy Ngọc', '2013-01-15', 'Nữ', 'Con gái', 'Học sinh', 'Số 4 Tạ Quang Bửu, quận Hai Bà Trưng, Hà Nội'),
(19, 34, 'Trần Trung Kiên', '2008-12-25', 'Nam', 'Con trai', 'Học sinh', 'Số 4 Tạ Quang Bửu, quận Hai Bà Trưng, Hà Nội'),
(20, 34, 'Trần Thúy Ngọc', '2013-01-15', 'Nữ', 'Con gái', 'Học sinh', 'Số 4 Tạ Quang Bửu, quận Hai Bà Trưng, Hà Nội'),
(21, 34, 'Trần Văn Nam', '1980-07-09', 'Nam', 'Chồng', 'Giảng viên đại học', 'Số 4 Tạ Quang Bửu, quận Hai Bà Trưng, Hà Nội'),
(22, 35, 'Trần Văn Nam', '1980-07-09', 'Nam', 'Bố', 'Giảng viên đại học', 'Số 4 Tạ Quang Bửu, quận Hai Bà Trưng, Hà Nội'),
(23, 35, 'Nguyễn Minh Tuyết', '1985-09-02', 'Nữ', 'Mẹ', 'Bác sĩ', 'Số 4 Tạ Quang Bửu, quận Hai Bà Trưng, Hà Nội'),
(24, 35, 'Trần Thúy Ngọc', '2013-01-15', 'Nữ', 'Em gái', 'Học sinh', 'Số 4 Tạ Quang Bửu, quận Hai Bà Trưng, Hà Nội'),
(25, 36, 'Trần Văn Nam', '1980-07-09', 'Nam', 'Bố', 'Giảng viên đại học', 'Số 4 Tạ Quang Bửu, quận Hai Bà Trưng, Hà Nội'),
(26, 36, 'Nguyễn Minh Tuyết', '1985-09-02', 'Nữ ', 'Mẹ', 'Bác sĩ', 'Số 4 Tạ Quang Bửu, quận Hai Bà Trưng, Hà Nội'),
(27, 36, 'Trần Trung Kiên', '2008-12-25', 'Nam', 'Anh trai', 'Học sinh', 'Số 4 Tạ Quang Bửu, quận Hai Bà Trưng, Hà Nội'),
(28, 37, 'Bùi Thị Hà', '1948-02-03', 'Nữ', 'Vợ', 'Nội trợ', 'Số 5 Tạ Quang Bửu, quận Hai Bà Trưng, Hà Nội'),
(29, 37, 'Lý Thành Nam', '1968-06-12', 'Nam', 'Con Trai', 'Công nhân', 'Số 89, ngõ 98 Trường Chinh, Hà Nội'),
(30, 37, 'Lý Thu Thủy', '1971-03-05', 'Nữ', 'Con Gái', 'Nhân viên văn phòng', 'Số 3, ngõ 568 Đường Láng, Hà Nội'),
(31, 38, 'Lý Văn Công', '1945-06-04', 'Nam', 'Chồng', 'Bộ đội về hưu', 'Số 5 Tạ Quang Bửu, quận Hai Bà Trưng, Hà Nội'),
(32, 38, 'Lý Thành Nam', '1968-06-12', 'Nam', 'Con trai', 'Công nhân', 'Số 89, ngõ 98 Trường Chinh, Hà Nội'),
(33, 38, 'Lý Thu Thủy', '1971-03-05', 'Nữ', 'Con gái', 'Nhân viên văn phòng', 'Số 3, ngõ 568 Đường Láng, Hà Nội');


-- INSERT INTO HO KHAU TABLE 
INSERT INTO `ho_khau` (`ID`, `maHoKhau`, `idChuHo`, `maKhuVuc`, `diaChi`, `ngayLap`, `ngayChuyenDi`, `lyDoChuyen`, `nguoiThucHien`) VALUES
(13, 'TQB002', 28, 'HN03', 'Số 2 Tạ Quang Bửu, quần Hai Bà Trưng, Hà Nội', '2019-12-08', NULL, NULL, NULL),
(14, 'TQB001', 26, 'HN03', 'Số 1 Tạ Quang Bửu, quận Hai Bà Trưng, Hà Nội', '2019-12-08', NULL, NULL, NULL),
(15, 'TQB003', 29, 'HN03', 'Số 3 Tạ Quang Bửu, quận Hai Bà Trưng, Hà Nội', '2019-12-08', NULL, NULL, NULL),
(16, 'TQB004', 33, 'HN03', 'Số 4 Tạ Quang Bửu, quận Hai Bà Trưng, Hà Nội', '2019-12-08', NULL, NULL, NULL);


-- INSERT INTO NHAN KHAU TABLE 
INSERT INTO `nhan_khau` (`ID`, `maNhanKhau`, `hoTen`, `bietDanh`, `namSinh`, `gioiTinh`, `noiSinh`, `nguyenQuan`, `danToc`, `tonGiao`, `quocTich`, `soHoChieu`, `noiThuongTru`, `diaChiHienNay`, `trinhDoHocVan`, `TrinhDoChuyenMon`, `bietTiengDanToc`, `trinhDoNgoaiNgu`, `ngheNghiep`, `noiLamViec`, `tienAn`, `ngayChuyenDen`, `lyDoChuyenDen`, `ngayChuyenDi`, `lyDoChuyenDi`, `diaChiMoi`, `ngayTao`, `idNguoiTao`, `ngayXoa`, `idNguoiXoa`, `lyDoXoa`, `ghiChu`) VALUES
(26, NULL, 'Trinh Văn An', '', '1990-12-07', 'Nam', NULL, 'Hà Nội', 'Kinh', 'Không', 'Việt Nam', '', 'Số 1 Tạ Quang Bưu, Hai Bà Trưng, Hà Nội', 'Số 1 Tạ Quang Bưu, Hai Bà Trưng, Hà Nội', '12/12 chính quy', 'Thạc sĩ', 'Không', 'Anh trình đọ B', 'Giáo Viên', 'Trường THCS Chu Văn An', NULL, NULL, NULL, NULL, NULL, NULL, '2019-12-08', 1, NULL, NULL, NULL, NULL),
(27, NULL, 'Trần Thanh Duyên', '', '1997-12-23', 'Nữ', NULL, 'Hải Phòng', 'Kinh', 'Không', 'Việt Nam', '', 'Số 3, đường Đình Đông, phường Đình Đông, quận Ngô Quyền, Hải Phòng', 'Số 2 Tạ Quang Bửu, quận Hai Bà Trưng, Hà Nội', '12/12 chính quy', 'Thạc sĩ', 'Không', 'Anh trình độ D', 'Nhân viên văn phòng', 'Công ty ABC', NULL, NULL, NULL, NULL, NULL, NULL, '2019-12-08', 1, NULL, NULL, NULL, NULL),
(28, NULL, 'Nguyễn Minh Quân', '', '1995-05-31', 'Nam', NULL, 'Hà Nội', 'Kinh', 'Không', 'Việt Nam', '', 'Số 2 Tạ Quang Bửu, quận Hai Bà Trưng, Hà Nội', 'Số 2 Tạ Quang Bửu, quận Hai Bà Trưng, Hà Nội', '12/12 chính quy', 'Thạc sĩ', 'Không', 'Anh trình độ D', 'Kỹ sư', 'Viettel', NULL, NULL, NULL, NULL, NULL, NULL, '2019-12-08', 1, NULL, NULL, NULL, NULL),
(29, NULL, 'Nguyễn Tiến Dũng', '', '1964-06-03', 'Nam', NULL, 'Hải Dương', 'Kinh', 'Thiên chúa giáo', 'Việt Nam', '', 'Số 3 Tạ Quang Bửu, quận Hai Bà Trưng, Hà Nội', 'Số 4 Tạ Quang Bửu, quận Hai Bà Trưng, Hà Nội', '12/12 chính quy', 'Kỹ sư', 'Không', 'Không', 'Phó giám đốc', 'Công ty EXE', NULL, NULL, NULL, NULL, NULL, NULL, '2019-12-08', 1, NULL, NULL, NULL, NULL),
(30, NULL, 'Vũ Mỹ Linh', '', '1965-12-06', 'Nữ', NULL, 'Hà Nội', 'Kinh', 'Không', 'Việt Nam', '', 'Số 3 Tạ Quang Bửu, quận Hai Bà Trưng, Hà Nội', 'Số 3 Tạ Quang Bửu, quận Hai Bà Trưng, Hà Nội', '12/12', 'Cử Nhân', 'Không', 'Không', 'Nội trợ', 'Tại nhà', NULL, NULL, NULL, NULL, NULL, NULL, '2019-12-08', 1, NULL, NULL, NULL, NULL),
(31, NULL, 'Nguyễn Tiến Đạt', '', '1990-09-09', 'Nam', NULL, 'Hải Dương', 'Kinh', 'Thiên chúa giáo', 'Việt Nam', '', 'Số 3 Tạ Quang Bửu, quận Hai Bà Trưng, Hà Nội', 'Số 3 Tạ Quang Bửu, quận Hai Bà Trưng, Hà Nội', '12/12 chính quy', 'Kỹ sư', 'không', 'Anh trình độ C', 'Kỹ sư điện', 'Công ty điện EVN', NULL, NULL, NULL, NULL, NULL, NULL, '2019-12-08', 1, NULL, NULL, NULL, NULL),
(32, NULL, 'Nguyễn Trà My', '', '1997-12-12', 'Nữ', NULL, 'Hải Dương', 'Kinh', 'Thiên chúa giáo', 'Việt Nam', '', 'Số 3 Tạ Quang Bửu, quận Hai Bà Trưng, Hà Nội', 'Số 3 Tạ Quang Bửu, quận Hai Bà Trưng, Hà Nội', '12/12 chính quy', 'Thạc sĩ', 'không', 'Anh trình đố D', 'Luật sư', 'Văn phòng luật sư 123', NULL, NULL, NULL, NULL, NULL, NULL, '2019-12-08', 1, NULL, NULL, NULL, NULL),
(33, NULL, 'Trần Văn Nam', '', '1980-07-09', 'Nam', NULL, 'Hà Nội', 'Kinh', 'Không', 'Việt Nam', '', 'Số 4 Tạ Quang Bửu, quận Hai Bà Trưng, Hà Nội', 'Số 4 Tạ Quang Bửu, quận Hai Bà Trưng, Hà Nội', '12/12 chính quy', 'Tiến sĩ', 'Không', 'Anh trình độ D', 'Giảng viên đại học', 'Đại học Bách khoa Hà Nội', NULL, NULL, NULL, NULL, NULL, NULL, '2019-12-08', 1, NULL, NULL, NULL, NULL),
(34, NULL, 'Nguyễn Minh Tuyết', '', '1985-09-02', 'Nữ', NULL, 'Nam Định', 'Kinh', 'Không', 'Việt Nam', '', 'Số 4 Tạ Quang Bửu, quận Hai Bà Trưng, Hà Nội', 'Số 4 Tạ Quang Bửu, quận Hai Bà Trưng, Hà Nội', '12/12 chính quy', 'Thạc sĩ', 'Không', 'Anh trình độ D', 'Bác sĩ', 'Bệnh viện quốc tế HJK', NULL, NULL, NULL, NULL, NULL, NULL, '2019-12-08', 1, NULL, NULL, NULL, NULL),
(35, NULL, 'Trần Trung Kiên', '', '2008-12-25', 'Nam', NULL, 'Hà Nội', 'Kinh', 'Không', 'Việt Nam', '', 'Số 4 Tạ Quang Bửu, quận Hai Bà Trưng, Hà Nội', 'Số 4 Tạ Quang Bửu, quận Hai Bà Trưng, Hà Nội', '6/12 chính quy', 'Không', 'Không', 'Không', 'Học sinh', 'Trường THCS Chu Văn An', NULL, NULL, NULL, NULL, NULL, NULL, '2019-12-08', 1, NULL, NULL, NULL, NULL),
(36, NULL, 'Trần Thúy Ngọc', '', '2013-01-15', 'Nữ', NULL, 'Hà Nội', 'Kinh', 'Không', 'Việt Nam', '', 'Số 4 Tạ Quang Bửu, quận Hai Bà Trưng, Hà Nội', 'Số 4 Tạ Quang Bửu, quận Hai Bà Trưng, Hà Nội', '1/12 chính quy', 'Không', 'Không', 'Không', 'Học sinh', 'Trường tiểu học Chu Văn An', NULL, NULL, NULL, NULL, NULL, NULL, '2019-12-08', 1, NULL, NULL, NULL, NULL),
(37, NULL, 'Lý Văn Công', '', '1945-06-04', 'Nam', NULL, 'Hà Nội', 'Kinh', 'Không', 'Việt Nam', '', 'Số 5 Tạ Quang Bửu, quận Hai Bà Trưng, Hà Nội', 'Số 5 Tạ Quang Bửu, quận Hai Bà Trưng, Hà Nội', '10/12 chính quy', 'Không', 'Không', 'Không', 'Về hưu', 'Không', NULL, NULL, NULL, NULL, NULL, NULL, '2019-12-08', 1, NULL, NULL, NULL, NULL),
(38, NULL, 'Bùi Thị Hà', '', '1948-02-03', 'Nữ', NULL, 'Hải Phòng', 'Kinh', 'Không', 'Việt Nam', '', 'Số 5 Tạ Quang Bửu, quận Hai Bà Trưng, Hà Nội', 'Số 5 Tạ Quang Bửu, quận Hai Bà Trưng, Hà Nội', '10/12', 'Không', 'Không', 'Không', 'Nội trợ', 'Tại nhà', NULL, NULL, NULL, NULL, NULL, NULL, '2019-12-08', 1, NULL, NULL, NULL, NULL);

-- INSERT INTO THAY DOI NHAN KHAU TABLE 
INSERT INTO `thay_doi_nhan_khau` (`ID`,`idNhanKhau`, `hoTen`, `bietDanh`, `namSinh`, `gioiTinh`, `noiSinh`, `nguyenQuan`, `danToc`, `tonGiao`, `quocTich`, `soHoChieu`, `noiThuongTru`, `diaChiHienNay`, `soDienThoai`, `tenChuHo` , `quanHeVoiChuHo`, `noiDungThayDoi`,`ngayThayDoi`) VALUES
(1,26, 'Trinh Văn An', '', '1990-12-07', 'Nam', NULL, 'Hà Nội', 'Kinh', 'Không', 'Việt Nam', '', 'Số 1 Tạ Quang Bưu, Hai Bà Trưng, Hà Nội', 'Số 1 Tạ Quang Bưu, Hai Bà Trưng, Hà Nội','69696969696',  'Trinh Văn An','Chủ hộ','Xóa đăng ký thường trú, xóa đăng ký tạm trú','2021-5-19'),
(2,32, 'Nguyễn Trà My', '', '1997-12-12', 'Nữ', NULL, 'Hải Dương', 'Kinh', 'Thiên chúa giáo', 'Việt Nam', '', 'Số 3 Tạ Quang Bửu, quận Hai Bà Trưng, Hà Nội', 'Số 3 Tạ Quang Bửu, quận Hai Bà Trưng, Hà Nội','96969696969','Nguyễn Tiến Dũng','Con gái','Tách sổ hộ khẩu','2021-4-12');

-- INSERT INTO THANH VIEN CUA HO TABLE
INSERT INTO `thanh_vien_cua_ho` (`idNhanKhau`, `idHoKhau`, `quanHeVoiChuHo`) VALUES
(26, 14, 'Chủ hộ'),
(27, 13, 'Vợ'),
(29, 15, 'Chủ hộ'),
(30, 15, 'Vợ'),
(31, 15, 'Con trai'),
(32, 15, 'Con gái'),
(33, 16, 'Chủ hộ'),
(34, 16, 'Vợ'),
(35, 16, 'Con trai'),
(36, 16, 'Con gái');

-- INSERT INTO TIEU SU TABLE
INSERT INTO `tieu_su` (`ID`, `idNhanKhau`, `tuNgay`, `denNgay`, `diaChi`, `ngheNghiep`, `noiLamViec`) VALUES
(2, 27, '2015-09-05', '2015-09-05', 'Số 45, ngõ 56, Nguyễn Khang, Cầu Giấy, Hà Nội', 'Sinh Viên', 'Đại học Thương mại'),
(3, 28, '2012-09-05', '2017-09-05', '556 La Thành, Hà Nội', 'Sinh Viên', 'Đại học Bách khoa Hà Nội'),
(4, 29, '1989-05-10', '2000-08-25', 'Số 5 Nguyễn Khuyến, Hà Nội', 'Quản lý nhận sự', 'Công ty BCC'),
(5, 30, '1987-05-23', '1997-03-01', 'Số 3 Tạ Quang Bửu, quận Hai Bà Trưng, Hà Nội', 'Nhân viên văn phòng', 'Công ty Zezs'),
(6, 31, '2008-09-05', '2013-09-05', 'Số 3 Tạ Quang Bửu, quận Hai Bà Trưng, Hà Nội', 'Sinh viên', 'Đại học Bách khoa Hà Nội'),
(7, 32, '2015-09-05', '2019-09-05', 'Số 3 Tạ Quang Bửu, quận Hai Bà Trưng, Hà Nội', 'Sinh viên', 'Đại học Luật Hà Nội'),
(8, 33, '1998-09-05', '2003-09-05', 'Số 66, ngõ 445 Nguyễn Khang, Cầu Giấy, Hà Nội', 'Sinh Vvên', 'Đại học Bách khoa Hà Nội'),
(9, 33, '2003-10-03', '2018-08-06', 'Số 4 Tạ Quang Bửu, quận Hai Bà Trưng, Hà Nội', 'Giảng viên', 'Đại học Công ngiệp Hà Nội'),
(10, 34, '2003-09-05', '2011-09-05', 'Số 8 Tôn Thất Tùng, Hà Nội', 'Sinh viên', 'Đại học Y Hà Nội'),
(11, 34, '2011-10-03', '2015-08-09', 'Số 8 Tôn Thất Tùng, Hà Nội', 'Bác sĩ nội trú', 'Bệnh viện Bạch Mai'),
(12, 37, '1961-01-01', '1963-01-01', 'Không rõ', 'Bộ đội', 'Hà Nội');

-- INSERT INTO USERTABLE
INSERT INTO USERTAB VALUES ('0000000012','dobuiquanganh','root','Đỗ Bùi Quang Anh','Hoa Thám-Hà Nội','2021-05-01 12:12:12','Sinh viên','2001-02-31','123456789');
INSERT INTO USERTAB VALUES ('0000000013','nguyenvietanh','root','Nguyễn Việt Anh','Hoa Thám-Hà Nội','2021-05-01 12:12:12','Sinh viên','2001-02-31','123456789');
INSERT INTO USERTAB VALUES ('0000000014','nguyenanhvuong','root','Nguyễn Anh Vương','Hoa Thám-Hà Nội','2021-05-01 12:12:12','Sinh viên','2001-02-31','123456789');
INSERT INTO USERTAB VALUES ('0000000015','leanhdung','root','Lê Anh Dũng','Hoa Thám-Hà Nội','2021-05-01 12:12:12','Sinh viên','2001-02-31','123456789');
INSERT INTO USERTAB VALUES ('0000000016','daongocban','root','Đào Ngọc Bản','Hoa Thám-Hà Nội','2021-05-01 12:12:12','Sinh viên','2001-02-31','123456789');
INSERT INTO USERTAB VALUES ('0000000017','phungngocvinh','root','Phùng Ngọc Vinh','Hoa Thám-Hà Nội','2021-05-01 12:12:12','Sinh viên','2001-02-31','123456789');
INSERT INTO USERTAB VALUES ('0000000018','nguyentienviet','root','Nguyễn Tiến Việt','Hoa Thám-Hà Nội','2021-05-01 12:12:12','Sinh viên','2001-02-31','123456789');
INSERT INTO USERTAB VALUES ('0000000019','dangleduy','root','Đặng Lê Duy','Hoa Thám-Hà Nội','2021-05-01 12:12:12','Sinh viên','2001-02-31','123456789');
INSERT INTO USERTAB VALUES ('0000000020','ngotrunghieu','root','Ngô Trung Hiếu','Hoa Thám-Hà Nội','2021-05-01 12:12:12','Sinh viên','2001-02-31','123456789');
INSERT INTO USERTAB VALUES ('0000000021','nguyencongbinh','root','Nguyễn Công Bình','Hoa Thám-Hà Nội','2021-05-01 12:12:12','Sinh viên','2001-02-31','123456789');

-- INSERT INTO MANAGER

INSERT INTO MANAGER VALUES('admin', '1', 'Nguyễn Tiến Việt', 'Long Biên-Hà Nội', '2001-04-31', '2021-05-01 17:17:17', '0973265421');

-- INSERT INTO ROOM
INSERT INTO ROOM VALUES('Hội trường', 1, 'Họp ,Hội ,Liên hoan');
INSERT INTO ROOM VALUES ('Phòng chức năng', 2, 'Tổ chức văn nghệ');
INSERT INTO ROOM VALUES ('Sân nhà văn hóa', 2, 'Sự kiện ngoài trời');

-- INSERT INTO ROOM
INSERT INTO INFRASTRUCTURE VALUES (1, 'Bàn', 30, '2021-05-01', 'Mới nguyên', 'Hội trường');
INSERT INTO INFRASTRUCTURE VALUES (2, 'Ghế', 100, '2021-05-01', 'Mới nguyên', 'Hội trường');
INSERT INTO INFRASTRUCTURE VALUES (3, 'Loa',10 , '2021-05-01', 'Mới nguyên', 'Hội trường');
INSERT INTO INFRASTRUCTURE VALUES (4, 'Đèn', 20, '2021-05-01', 'Mới nguyên', 'Hội trường');
INSERT INTO INFRASTRUCTURE VALUES (5, 'Lọ hoa', 40, '2021-05-01', 'Mới nguyên', 'Hội trường');
INSERT INTO INFRASTRUCTURE VALUES (6, 'Máy chiếu', 2, '2021-05-01', 'Mới nguyên', 'Hội trường');
INSERT INTO INFRASTRUCTURE VALUES (7, 'Bàn', 20, '2021-05-01', 'Mới', 'Phòng chức năng');
INSERT INTO INFRASTRUCTURE VALUES (8, 'Ghế', 60, '2021-05-01', 'Mới ', 'Phòng chức năng');
INSERT INTO INFRASTRUCTURE VALUES (9, 'Loa',20 , '2021-05-01', 'Mới ', 'Phòng chức năng');
INSERT INTO INFRASTRUCTURE VALUES (10, 'Đèn', 30, '2021-05-01', 'Mới ', 'Phòng chức năng');
INSERT INTO INFRASTRUCTURE VALUES (11, 'Lọ hoa', 50, '2021-05-01', 'Mới ', 'Phòng chức năng');
INSERT INTO INFRASTRUCTURE VALUES (12, 'Máy chiếu', 2, '2021-05-01', 'Mới ', 'Phòng chức năng');
INSERT INTO INFRASTRUCTURE VALUES (13, 'Loa', 4, '2021-05-01', 'Mới ', 'Sân nhà văn hóa');

-- INSERT INTO EVENTTABLE
INSERT INTO EVENTTABLE VALUES (1, 'Họp hội phụ nữ', '2021-05-02 20:00:00', '2021-05-02 23:00:00', 'Hội trường', 'Ban tổ chức hội phụ nữ thuê', 0);
INSERT INTO EVENTTABLE VALUES (2, 'Học sinh mượn phòng tập văn nghệ', '2021-05-03 18:00:23', '2021-05-03 20:00:00', 'Phòng chức năng', 'Có giáo viên đi kèm', 0);
INSERT INTO EVENTTABLE VALUES (3, 'Họp tổ dân phố', '2021-05-07 20:00:00', '2021-05-07 22:00:00', 'Hội trường', 'Tổ trưởng tổ dân phố tổ chức', 0);

INSERT INTO EVENTTABLE VALUES (4, 'Công ty Tiến Việt mượn phòng quảng bá sản phẩm', '2021-05-15 07:30:00', '2021-05-15 17:00:00', 'Hội trường', 'Chủ tịch công ty đa cấp', 1000000);
INSERT INTO EVENTTABLE VALUES (5, 'Hội thảo kĩ năng sống', '2021-05-16 07:30:00', '2021-05-16 17:00:00', 'Hội trường', 'Sinh viên Bách Khoa tuyên truyền', 0);
INSERT INTO EVENTTABLE VALUES (6, 'Hội trại', '2021-05-17 08:30:00', '2021-05-17 16:00:00', 'Sân nhà văn hóa', 'Đoàn viên thanh niên tổ chức', 0);

INSERT INTO EVENTTABLE VALUES (7, 'Văn nghệ thiếu niên, thanh niên', '2021-05-18 20:00:00', '2021-05-18 22:00:00', 'Phòng chức năng', 'Chuẩn bị cho tết thiếu nhi 6/1', 0);

--
ALTER TABLE USERTAB
  ADD FULLTEXT KEY `soCMT` (`soCMT`);



ALTER TABLE `chung_minh_thu`
  ADD PRIMARY KEY (`ID`),
  ADD KEY `idNhanKhau` (`idNhanKhau`);
ALTER TABLE `chung_minh_thu` ADD FULLTEXT KEY `soCMT` (`soCMT`);

--
-- Chỉ mục cho bảng `dinh_chinh`
--
ALTER TABLE `dinh_chinh`
  ADD PRIMARY KEY (`ID`),
  ADD KEY `idHoKhau` (`idHoKhau`),
  ADD KEY `nguoiThayDoi` (`nguoiThayDoi`);

--
-- Chỉ mục cho bảng `gia_dinh`
--
ALTER TABLE `gia_dinh`
  ADD PRIMARY KEY (`ID`),
  ADD KEY `idNhanKhau` (`idNhanKhau`);

--
-- Chỉ mục cho bảng `ho_khau`
--
ALTER TABLE `ho_khau`
  ADD PRIMARY KEY (`ID`),
  ADD KEY `idChuHo` (`idChuHo`);
ALTER TABLE `ho_khau` ADD FULLTEXT KEY `maHoKhau` (`maHoKhau`);

--
-- Chỉ mục cho bảng `khai_tu`
--
ALTER TABLE `khai_tu`
  ADD PRIMARY KEY (`ID`),
  ADD KEY `idNguoiKhai` (`idNguoiKhai`),
  ADD KEY `idNguoiChet` (`idNguoiChet`);

--
-- Chỉ mục cho bảng `nhan_khau`
--
ALTER TABLE `nhan_khau`
  ADD PRIMARY KEY (`ID`),
  ADD KEY `idNguoiTao` (`idNguoiTao`),
  ADD KEY `idNguoiXoa` (`idNguoiXoa`);
ALTER TABLE `nhan_khau` 
  ADD FULLTEXT KEY `hoTen` (`hoTen`,`bietDanh`);
--


-- Chỉ mục cho bảng `thay_doi_nhan_khau`
ALTER TABLE `thay_doi_nhan_khau`
  ADD PRIMARY KEY (`ID`),
  ADD KEY `idNhanKhau` (`idNhanKhau`);


-- Chỉ mục cho bảng `tam_tru`
--
ALTER TABLE `tam_tru`
  ADD PRIMARY KEY (`ID`),
  ADD KEY `idNhanKhau` (`idNhanKhau`);

--
-- Chỉ mục cho bảng `tam_vang`
--
ALTER TABLE `tam_vang`
  ADD PRIMARY KEY (`ID`),
  ADD KEY `idNhanKhau` (`idNhanKhau`);

--
-- Chỉ mục cho bảng `thanh_vien_cua_ho`
--
ALTER TABLE `thanh_vien_cua_ho`
  ADD PRIMARY KEY (`idNhanKhau`,`idHoKhau`),
  ADD KEY `idHoKhau` (`idHoKhau`);

--
-- Chỉ mục cho bảng `tieu_su`
--
ALTER TABLE `tieu_su`
  ADD PRIMARY KEY (`ID`),
  ADD KEY `idNhanKhau` (`idNhanKhau`);

--
-- Chỉ mục cho bảng `users`
--
  ALTER TABLE `thu_ky`
    ADD PRIMARY KEY (`ID`);

--
-- AUTO_INCREMENT cho các bảng đã đổ
--

----
-- AUTO_INCREMENT cho bảng `chung_minh_thu`
--
ALTER TABLE `chung_minh_thu`
  MODIFY `ID` int(11) NOT NULL AUTO_INCREMENT, AUTO_INCREMENT=26;
--
-- AUTO_INCREMENT cho bảng `dinh_chinh`
--
ALTER TABLE `dinh_chinh`
  MODIFY `ID` int(11) NOT NULL AUTO_INCREMENT;

--
-- AUTO_INCREMENT cho bảng `gia_dinh`
--
ALTER TABLE `gia_dinh`
  MODIFY `ID` int(11) NOT NULL AUTO_INCREMENT, AUTO_INCREMENT=34;

--
-- AUTO_INCREMENT cho bảng `ho_khau`
--
ALTER TABLE `ho_khau`
  MODIFY `ID` int(11) NOT NULL AUTO_INCREMENT, AUTO_INCREMENT=17;

--
-- AUTO_INCREMENT cho bảng `khai_tu`
--
ALTER TABLE `khai_tu`
  MODIFY `ID` int(11) NOT NULL AUTO_INCREMENT;

--
-- AUTO_INCREMENT cho bảng `nhan_khau`
--
ALTER TABLE `nhan_khau`
  MODIFY `ID` int(11) NOT NULL AUTO_INCREMENT, AUTO_INCREMENT=39;

--
-- AUTO_INCREMENT cho bảng `thay_doi_nhan_khau`
ALTER TABLE `thay_doi_nhan_khau`
  MODIFY `ID` int(11) NOT NULL AUTO_INCREMENT, AUTO_INCREMENT=26;


-- AUTO_INCREMENT cho bảng `tam_tru`
--
ALTER TABLE `tam_tru`
  MODIFY `ID` int(11) NOT NULL AUTO_INCREMENT, AUTO_INCREMENT=2;

--
-- AUTO_INCREMENT cho bảng `tam_vang`
--
ALTER TABLE `tam_vang`
  MODIFY `ID` int(11) NOT NULL AUTO_INCREMENT, AUTO_INCREMENT=3;

--
-- AUTO_INCREMENT cho bảng `tieu_su`
--
ALTER TABLE `tieu_su`
  MODIFY `ID` int(11) NOT NULL AUTO_INCREMENT, AUTO_INCREMENT=13;

--
-- AUTO_INCREMENT cho bảng `users`
--
ALTER TABLE `thu_ky`
  MODIFY `ID` int(11) NOT NULL AUTO_INCREMENT, AUTO_INCREMENT=3;

--
-- Các ràng buộc cho các bảng đã đổ
--
-- Các ràng buộc cho bảng `chung_minh_thu`
--
ALTER TABLE `chung_minh_thu`
  ADD CONSTRAINT `chung_minh_thu_ibfk_1` FOREIGN KEY (`idNhanKhau`) REFERENCES `nhan_khau` (`ID`);
--
-- Các ràng buộc cho bảng `dinh_chinh`
--
ALTER TABLE `dinh_chinh`
  ADD CONSTRAINT `dinh_chinh_ibfk_1` FOREIGN KEY (`idHoKhau`) REFERENCES `ho_khau` (`ID`);
--
-- Các ràng buộc cho bảng `gia_dinh`
--
ALTER TABLE `gia_dinh`
  ADD CONSTRAINT `gia_dinh_ibfk_1` FOREIGN KEY (`idNhanKhau`) REFERENCES `nhan_khau` (`ID`);

--
-- Các ràng buộc cho bảng `ho_khau`
--
ALTER TABLE `ho_khau`
  ADD CONSTRAINT `ho_khau_ibfk_1` FOREIGN KEY (`idChuHo`) REFERENCES `nhan_khau` (`ID`);

--
-- Các ràng buộc cho bảng `khai_tu`
--
ALTER TABLE `khai_tu`
  ADD CONSTRAINT `khai_tu_ibfk_1` FOREIGN KEY (`idNguoiKhai`) REFERENCES `nhan_khau` (`ID`),
  ADD CONSTRAINT `khai_tu_ibfk_2` FOREIGN KEY (`idNguoiChet`) REFERENCES `nhan_khau` (`ID`);


ALTER TABLE `thay_doi_nhan_khau`
  ADD CONSTRAINT `thay_doi_nhan_khau_ibfk_1` FOREIGN KEY (`idNhanKhau`) REFERENCES `nhan_khau` (`ID`);
 
--
-- Các ràng buộc cho bảng `tam_tru`
--
ALTER TABLE `tam_tru`
  ADD CONSTRAINT `tam_tru_ibfk_1` FOREIGN KEY (`idNhanKhau`) REFERENCES `nhan_khau` (`ID`);

--
-- Các ràng buộc cho bảng `tam_vang`
--
ALTER TABLE `tam_vang`
  ADD CONSTRAINT `tam_vang_ibfk_1` FOREIGN KEY (`idNhanKhau`) REFERENCES `nhan_khau` (`ID`);

--
-- Các ràng buộc cho bảng `thanh_vien_cua_ho`
--
ALTER TABLE `thanh_vien_cua_ho`
  ADD CONSTRAINT `thanh_vien_cua_ho_ibfk_1` FOREIGN KEY (`idNhanKhau`) REFERENCES `nhan_khau` (`ID`),
  ADD CONSTRAINT `thanh_vien_cua_ho_ibfk_2` FOREIGN KEY (`idHoKhau`) REFERENCES `ho_khau` (`ID`);

--
-- Các ràng buộc cho bảng `tieu_su`
--
ALTER TABLE `tieu_su`
  ADD CONSTRAINT `tieu_su_ibfk_1` FOREIGN KEY (`idNhanKhau`) REFERENCES `nhan_khau` (`ID`);
COMMIT;
